ano,bairro,roubo_bicicleta,furto_bicicleta,total_crimes
2021,ABOLIÇÃO,0,9,9
2021,ACARI,0,2,2
2021,ALTO DA BOA VISTA,1,62,63
2021,ANCHIETA,0,1,1
2021,ANDARAÍ,1,28,29
2021,ANIL,3,33,36
2021,BANCÁRIOS,0,10,10
2021,BANGU,1,23,24
2021,BARRA DA TIJUCA,4,59,63
2021,BARRA DE GUARATIBA,4,84,88
2021,BARROS FILHO,0,2,2
2021,BENFICA,0,8,8
2021,BENTO RIBEIRO,1,6,7
2021,BONSUCESSO,0,8,8
2021,BOTAFOGO,33,99,132
2021,BRÁS DE PINA,0,6,6
2021,CACHAMBI,2,7,9
2021,CACUIA,0,10,10
2021,CAJU,3,5,8
2021,CAMORIM,4,84,88
2021,CAMPINHO,1,6,7
2021,CAMPO DOS AFONSOS,0,20,20
2021,CAMPO GRANDE,2,6,8
2021,CASCADURA,1,5,6
2021,CATETE,41,96,137
2021,CATUMBI,0,15,15
2021,CAVALCANTI,1,5,6
2021,CENTRO,19,222,241
2021,CIDADE DE DEUS,3,33,36
2021,CIDADE NOVA,0,15,15
2021,CIDADE UNIVERSITÁRIA,0,10,10
2021,COCOTÁ,0,10,10
2021,COELHO NETO,1,3,4
2021,COLÉGIO,1,11,12
2021,COPACABANA,26,211,237
2021,CORDOVIL,0,1,1
2021,COSME VELHO,41,96,137
2021,COSMOS,2,6,8
2021,COSTA BARROS,0,2,2
2021,CURICICA,3,33,36
2021,DEL CASTILHO,0,0,0
2021,DEODORO,0,20,20
2021,ENCANTADO,0,9,9
2021,ENGENHEIRO LEAL,1,5,6
2021,ENGENHO DA RAINHA,0,0,0
2021,ENGENHO DE DENTRO,0,14,14
2021,ENGENHO NOVO,1,6,7
2021,ESTÁCIO,0,15,15
2021,FLAMENGO,41,96,137
2021,FREGUESIA (JACAREPAGUÁ),1,10,11
2021,GALEÃO,0,10,10
2021,GAMBOA,0,8,8
2021,GARDÊNIA AZUL,3,33,36
2021,GERICINÓ,1,23,24
2021,GLÓRIA,41,96,137
2021,GRAJAÚ,1,28,29
2021,GRUMARI,4,84,88
2021,GUADALUPE,0,1,1
2021,GUARATIBA,0,2,2
2021,GÁVEA,8,19,27
2021,HIGIENÓPOLIS,0,8,8
2021,HONÓRIO GURGEL,1,3,4
2021,HUMAITÁ,33,99,132
2021,INHAÚMA,0,0,0
2021,INHOAÍBA,2,6,8
2021,IPANEMA,6,203,209
2021,IRAJÁ,0,8,8
2021,ITANHANGÁ,4,59,63
2021,JACAREPAGUÁ,3,33,36
2021,JACAREZINHO,1,6,7
2021,JACARÉ,1,15,16
2021,JARDIM AMÉRICA,0,1,1
2021,JARDIM BOTÂNICO,8,19,27
2021,JARDIM CARIOCA,0,10,10
2021,JARDIM GUANABARA,0,10,10
2021,JARDIM SULACAP,0,20,20
2021,JOÁ,4,59,63
2021,LAGOA,8,19,27
2021,LAPA,13,50,63
2021,LARANJEIRAS,41,96,137
2021,LEBLON,6,203,209
2021,LEME,17,137,154
2021,LINS DE VASCONCELOS,0,5,5
2021,MADUREIRA,1,5,6
2021,MAGALHÃES BASTOS,0,20,20
2021,MANGUEIRA,3,5,8
2021,MANGUINHOS,0,8,8
2021,MARACANÃ,4,21,25
2021,MARECHAL HERMES,1,6,7
2021,MARIA DA GRAÇA,0,0,0
2021,MARÉ,0,8,8
2021,MONERÓ,0,10,10
2021,MÉIER,2,7,9
2021,OLARIA,0,5,5
2021,PACIÊNCIA,0,7,7
2021,PADRE MIGUEL,1,23,24
2021,PAQUETÁ,13,50,63
2021,PARQUE ANCHIETA,0,1,1
2021,PARQUE COLÚMBIA,0,2,2
2021,PAVUNA,0,2,2
2021,PECHINCHA,1,10,11
2021,PEDRA DE GUARATIBA,0,2,2
2021,PENHA,0,5,5
2021,PENHA CIRCULAR,0,5,5
2021,PIEDADE,0,9,9
2021,PILARES,0,9,9
2021,PITANGUEIRAS,0,10,10
2021,PORTUGUESA,0,10,10
2021,PRAIA DA BANDEIRA,0,10,10
2021,PRAÇA DA BANDEIRA,4,21,25
2021,PRAÇA SECA,0,4,4
2021,QUINTINO BOCAIÚVA,1,5,6
2021,RAMOS,0,8,8
2021,REALENGO,0,20,20
2021,RECREIO DOS BANDEIRANTES,4,84,88
2021,RIACHUELO,1,6,7
2021,RIBEIRA,0,10,10
2021,RICARDO DE ALBUQUERQUE,0,1,1
2021,RIO COMPRIDO,0,15,15
2021,ROCHA,1,6,7
2021,ROCHA MIRANDA,1,3,4
2021,ROCINHA,0,0,0
2021,SAMPAIO,1,6,7
2021,SANTA CRUZ,0,16,16
2021,SANTA TERESA,2,2,4
2021,SANTO CRISTO,0,8,8
2021,SANTÍSSIMO,2,6,8
2021,SAÚDE,0,8,8
2021,SENADOR CAMARÁ,1,23,24
2021,SENADOR VASCONCELOS,2,6,8
2021,SEPETIBA,0,2,2
2021,SÃO CONRADO,8,19,27
2021,SÃO FRANCISCO XAVIER,1,6,7
2021,TANQUE,1,14,15
2021,TAQUARA,3,33,36
2021,TAUÁ,0,10,10
2021,TIJUCA,5,83,88
2021,TODOS OS SANTOS,2,12,14
2021,TOMÁS COELHO,0,0,0
2021,URCA,33,99,132
2021,VARGEM GRANDE,4,84,88
2021,VARGEM PEQUENA,4,84,88
2021,VASCO DA GAMA,3,5,8
2021,VAZ LOBO,1,5,6
2021,VICENTE DE CARVALHO,0,8,8
2021,VIDIGAL,8,19,27
2021,VIGÁRIO GERAL,0,1,1
2021,VILA DA PENHA,0,8,8
2021,VILA ISABEL,1,28,29
2021,VILA KOSMOS,0,8,8
2021,VILA MILITAR,0,20,20
2021,VILA VALQUEIRE,0,4,4
2021,VISTA ALEGRE,0,8,8
2021,ZUMBI,0,10,10
2021,ÁGUA SANTA,0,14,14
2022,ABOLIÇÃO,5,7,12
2022,ACARI,2,6,8
2022,ALTO DA BOA VISTA,0,69,69
2022,ANCHIETA,0,6,6
2022,ANDARAÍ,2,53,55
2022,ANIL,2,38,40
2022,BANCÁRIOS,1,11,12
2022,BANGU,1,22,23
2022,BARRA DA TIJUCA,3,94,97
2022,BARRA DE GUARATIBA,3,117,120
2022,BARROS FILHO,2,6,8
2022,BENFICA,2,5,7
2022,BENTO RIBEIRO,0,3,3
2022,BONSUCESSO,2,5,7
2022,BOTAFOGO,12,202,214
2022,BRÁS DE PINA,1,8,9
2022,CACHAMBI,1,9,10
2022,CACUIA,1,11,12
2022,CAJU,2,7,9
2022,CAMORIM,3,117,120
2022,CAMPINHO,0,3,3
2022,CAMPO DOS AFONSOS,5,38,43
2022,CAMPO GRANDE,1,37,38
2022,CASCADURA,2,11,13
2022,CATETE,25,128,153
2022,CATUMBI,1,16,17
2022,CAVALCANTI,2,11,13
2022,CENTRO,24,352,376
2022,CIDADE DE DEUS,2,38,40
2022,CIDADE NOVA,1,16,17
2022,CIDADE UNIVERSITÁRIA,1,11,12
2022,COCOTÁ,1,11,12
2022,COELHO NETO,3,5,8
2022,COLÉGIO,3,28,31
2022,COPACABANA,8,314,322
2022,CORDOVIL,1,3,4
2022,COSME VELHO,25,128,153
2022,COSMOS,1,37,38
2022,COSTA BARROS,2,6,8
2022,CURICICA,2,38,40
2022,DEL CASTILHO,0,7,7
2022,DEODORO,5,38,43
2022,ENCANTADO,5,7,12
2022,ENGENHEIRO LEAL,2,11,13
2022,ENGENHO DA RAINHA,0,7,7
2022,ENGENHO DE DENTRO,9,10,19
2022,ENGENHO NOVO,0,2,2
2022,ESTÁCIO,1,16,17
2022,FLAMENGO,25,128,153
2022,FREGUESIA (JACAREPAGUÁ),0,6,6
2022,GALEÃO,1,11,12
2022,GAMBOA,1,13,14
2022,GARDÊNIA AZUL,2,38,40
2022,GERICINÓ,1,22,23
2022,GLÓRIA,25,128,153
2022,GRAJAÚ,2,53,55
2022,GRUMARI,3,117,120
2022,GUADALUPE,0,6,6
2022,GUARATIBA,2,4,6
2022,GÁVEA,2,34,36
2022,HIGIENÓPOLIS,2,5,7
2022,HONÓRIO GURGEL,3,5,8
2022,HUMAITÁ,12,202,214
2022,INHAÚMA,0,7,7
2022,INHOAÍBA,1,37,38
2022,IPANEMA,5,279,284
2022,IRAJÁ,0,23,23
2022,ITANHANGÁ,3,94,97
2022,JACAREPAGUÁ,2,38,40
2022,JACAREZINHO,0,2,2
2022,JACARÉ,0,24,24
2022,JARDIM AMÉRICA,1,3,4
2022,JARDIM BOTÂNICO,2,34,36
2022,JARDIM CARIOCA,1,11,12
2022,JARDIM GUANABARA,1,11,12
2022,JARDIM SULACAP,5,38,43
2022,JOÁ,3,94,97
2022,LAGOA,2,34,36
2022,LAPA,14,121,135
2022,LARANJEIRAS,25,128,153
2022,LEBLON,5,279,284
2022,LEME,6,214,220
2022,LINS DE VASCONCELOS,4,3,7
2022,MADUREIRA,2,11,13
2022,MAGALHÃES BASTOS,5,38,43
2022,MANGUEIRA,2,7,9
2022,MANGUINHOS,2,5,7
2022,MARACANÃ,3,59,62
2022,MARECHAL HERMES,0,3,3
2022,MARIA DA GRAÇA,0,7,7
2022,MARÉ,2,5,7
2022,MONERÓ,1,11,12
2022,MÉIER,1,9,10
2022,OLARIA,0,5,5
2022,PACIÊNCIA,1,12,13
2022,PADRE MIGUEL,1,22,23
2022,PAQUETÁ,14,121,135
2022,PARQUE ANCHIETA,0,6,6
2022,PARQUE COLÚMBIA,2,6,8
2022,PAVUNA,2,6,8
2022,PECHINCHA,0,6,6
2022,PEDRA DE GUARATIBA,2,4,6
2022,PENHA,0,5,5
2022,PENHA CIRCULAR,0,5,5
2022,PIEDADE,5,7,12
2022,PILARES,5,7,12
2022,PITANGUEIRAS,1,11,12
2022,PORTUGUESA,1,11,12
2022,PRAIA DA BANDEIRA,1,11,12
2022,PRAÇA DA BANDEIRA,3,59,62
2022,PRAÇA SECA,0,6,6
2022,QUINTINO BOCAIÚVA,2,11,13
2022,RAMOS,2,5,7
2022,REALENGO,5,38,43
2022,RECREIO DOS BANDEIRANTES,3,117,120
2022,RIACHUELO,0,2,2
2022,RIBEIRA,1,11,12
2022,RICARDO DE ALBUQUERQUE,0,6,6
2022,RIO COMPRIDO,1,16,17
2022,ROCHA,0,2,2
2022,ROCHA MIRANDA,3,5,8
2022,ROCINHA,0,0,0
2022,SAMPAIO,0,2,2
2022,SANTA CRUZ,2,43,45
2022,SANTA TERESA,0,9,9
2022,SANTO CRISTO,1,13,14
2022,SANTÍSSIMO,1,37,38
2022,SAÚDE,1,13,14
2022,SENADOR CAMARÁ,1,22,23
2022,SENADOR VASCONCELOS,1,37,38
2022,SEPETIBA,2,4,6
2022,SÃO CONRADO,2,34,36
2022,SÃO FRANCISCO XAVIER,0,2,2
2022,TANQUE,0,12,12
2022,TAQUARA,2,38,40
2022,TAUÁ,1,11,12
2022,TIJUCA,3,128,131
2022,TODOS OS SANTOS,5,12,17
2022,TOMÁS COELHO,0,7,7
2022,URCA,12,202,214
2022,VARGEM GRANDE,3,117,120
2022,VARGEM PEQUENA,3,117,120
2022,VASCO DA GAMA,2,7,9
2022,VAZ LOBO,2,11,13
2022,VICENTE DE CARVALHO,0,23,23
2022,VIDIGAL,2,34,36
2022,VIGÁRIO GERAL,1,3,4
2022,VILA DA PENHA,0,23,23
2022,VILA ISABEL,2,53,55
2022,VILA KOSMOS,0,23,23
2022,VILA MILITAR,5,38,43
2022,VILA VALQUEIRE,0,6,6
2022,VISTA ALEGRE,0,23,23
2022,ZUMBI,1,11,12
2022,ÁGUA SANTA,9,10,19
2023,ABOLIÇÃO,4,5,9
2023,ACARI,0,11,11
2023,ALTO DA BOA VISTA,11,36,47
2023,ANCHIETA,0,6,6
2023,ANDARAÍ,0,33,33
2023,ANIL,3,31,34
2023,BANCÁRIOS,1,25,26
2023,BANGU,3,35,38
2023,BARRA DA TIJUCA,4,92,96
2023,BARRA DE GUARATIBA,6,106,112
2023,BARROS FILHO,0,11,11
2023,BENFICA,2,16,18
2023,BENTO RIBEIRO,0,8,8
2023,BONSUCESSO,2,16,18
2023,BOTAFOGO,18,176,194
2023,BRÁS DE PINA,1,9,10
2023,CACHAMBI,0,7,7
2023,CACUIA,1,25,26
2023,CAJU,4,6,10
2023,CAMORIM,6,106,112
2023,CAMPINHO,0,8,8
2023,CAMPO DOS AFONSOS,0,38,38
2023,CAMPO GRANDE,1,49,50
2023,CASCADURA,0,14,14
2023,CATETE,27,98,125
2023,CATUMBI,2,18,20
2023,CAVALCANTI,0,14,14
2023,CENTRO,20,422,442
2023,CIDADE DE DEUS,3,31,34
2023,CIDADE NOVA,2,18,20
2023,CIDADE UNIVERSITÁRIA,1,25,26
2023,COCOTÁ,1,25,26
2023,COELHO NETO,0,7,7
2023,COLÉGIO,2,16,18
2023,COPACABANA,18,314,332
2023,CORDOVIL,1,2,3
2023,COSME VELHO,27,98,125
2023,COSMOS,1,49,50
2023,COSTA BARROS,0,11,11
2023,CURICICA,3,31,34
2023,DEL CASTILHO,1,11,12
2023,DEODORO,0,38,38
2023,ENCANTADO,4,5,9
2023,ENGENHEIRO LEAL,0,14,14
2023,ENGENHO DA RAINHA,1,11,12
2023,ENGENHO DE DENTRO,5,8,13
2023,ENGENHO NOVO,0,3,3
2023,ESTÁCIO,2,18,20
2023,FLAMENGO,27,98,125
2023,FREGUESIA (JACAREPAGUÁ),2,17,19
2023,GALEÃO,1,25,26
2023,GAMBOA,1,18,19
2023,GARDÊNIA AZUL,3,31,34
2023,GERICINÓ,3,35,38
2023,GLÓRIA,27,98,125
2023,GRAJAÚ,0,33,33
2023,GRUMARI,6,106,112
2023,GUADALUPE,0,6,6
2023,GUARATIBA,0,7,7
2023,GÁVEA,2,44,46
2023,HIGIENÓPOLIS,2,16,18
2023,HONÓRIO GURGEL,0,7,7
2023,HUMAITÁ,18,176,194
2023,INHAÚMA,1,11,12
2023,INHOAÍBA,1,49,50
2023,IPANEMA,11,298,309
2023,IRAJÁ,2,9,11
2023,ITANHANGÁ,4,92,96
2023,JACAREPAGUÁ,3,31,34
2023,JACAREZINHO,0,3,3
2023,JACARÉ,0,15,15
2023,JARDIM AMÉRICA,1,2,3
2023,JARDIM BOTÂNICO,2,44,46
2023,JARDIM CARIOCA,1,25,26
2023,JARDIM GUANABARA,1,25,26
2023,JARDIM SULACAP,0,38,38
2023,JOÁ,4,92,96
2023,LAGOA,2,44,46
2023,LAPA,2,65,67
2023,LARANJEIRAS,27,98,125
2023,LEBLON,11,298,309
2023,LEME,17,206,223
2023,LINS DE VASCONCELOS,1,3,4
2023,MADUREIRA,0,14,14
2023,MAGALHÃES BASTOS,0,38,38
2023,MANGUEIRA,4,6,10
2023,MANGUINHOS,2,16,18
2023,MARACANÃ,7,28,35
2023,MARECHAL HERMES,0,8,8
2023,MARIA DA GRAÇA,1,11,12
2023,MARÉ,2,16,18
2023,MONERÓ,1,25,26
2023,MÉIER,0,7,7
2023,OLARIA,0,7,7
2023,PACIÊNCIA,0,17,17
2023,PADRE MIGUEL,3,35,38
2023,PAQUETÁ,2,65,67
2023,PARQUE ANCHIETA,0,6,6
2023,PARQUE COLÚMBIA,0,11,11
2023,PAVUNA,0,11,11
2023,PECHINCHA,2,17,19
2023,PEDRA DE GUARATIBA,0,7,7
2023,PENHA,0,7,7
2023,PENHA CIRCULAR,0,7,7
2023,PIEDADE,4,5,9
2023,PILARES,4,5,9
2023,PITANGUEIRAS,1,25,26
2023,PORTUGUESA,1,25,26
2023,PRAIA DA BANDEIRA,1,25,26
2023,PRAÇA DA BANDEIRA,7,28,35
2023,PRAÇA SECA,0,16,16
2023,QUINTINO BOCAIÚVA,0,14,14
2023,RAMOS,2,16,18
2023,REALENGO,0,38,38
2023,RECREIO DOS BANDEIRANTES,6,106,112
2023,RIACHUELO,0,3,3
2023,RIBEIRA,1,25,26
2023,RICARDO DE ALBUQUERQUE,0,6,6
2023,RIO COMPRIDO,2,18,20
2023,ROCHA,0,3,3
2023,ROCHA MIRANDA,0,7,7
2023,ROCINHA,0,0,0
2023,SAMPAIO,0,3,3
2023,SANTA CRUZ,1,37,38
2023,SANTA TERESA,1,5,6
2023,SANTO CRISTO,1,18,19
2023,SANTÍSSIMO,1,49,50
2023,SAÚDE,1,18,19
2023,SENADOR CAMARÁ,3,35,38
2023,SENADOR VASCONCELOS,1,49,50
2023,SEPETIBA,0,7,7
2023,SÃO CONRADO,2,44,46
2023,SÃO FRANCISCO XAVIER,0,3,3
2023,TANQUE,2,33,35
2023,TAQUARA,3,31,34
2023,TAUÁ,1,25,26
2023,TIJUCA,18,64,82
2023,TODOS OS SANTOS,1,10,11
2023,TOMÁS COELHO,1,11,12
2023,URCA,18,176,194
2023,VARGEM GRANDE,6,106,112
2023,VARGEM PEQUENA,6,106,112
2023,VASCO DA GAMA,4,6,10
2023,VAZ LOBO,0,14,14
2023,VICENTE DE CARVALHO,2,9,11
2023,VIDIGAL,2,44,46
2023,VIGÁRIO GERAL,1,2,3
2023,VILA DA PENHA,2,9,11
2023,VILA ISABEL,0,33,33
2023,VILA KOSMOS,2,9,11
2023,VILA MILITAR,0,38,38
2023,VILA VALQUEIRE,0,16,16
2023,VISTA ALEGRE,2,9,11
2023,ZUMBI,1,25,26
2023,ÁGUA SANTA,5,8,13
2024,ABOLIÇÃO,2,3,5
2024,ACARI,0,5,5
2024,ALTO DA BOA VISTA,4,47,51
2024,ANCHIETA,0,9,9
2024,ANDARAÍ,3,38,41
2024,ANIL,2,44,46
2024,BANCÁRIOS,1,21,22
2024,BANGU,8,28,36
2024,BARRA DA TIJUCA,8,94,102
2024,BARRA DE GUARATIBA,9,113,122
2024,BARROS FILHO,0,5,5
2024,BENFICA,0,19,19
2024,BENTO RIBEIRO,1,5,6
2024,BONSUCESSO,0,19,19
2024,BOTAFOGO,84,204,288
2024,BRÁS DE PINA,7,11,18
2024,CACHAMBI,1,6,7
2024,CACUIA,1,21,22
2024,CAJU,2,10,12
2024,CAMORIM,9,113,122
2024,CAMPINHO,1,5,6
2024,CAMPO DOS AFONSOS,0,21,21
2024,CAMPO GRANDE,1,38,39
2024,CASCADURA,2,8,10
2024,CATETE,73,143,216
2024,CATUMBI,0,13,13
2024,CAVALCANTI,2,8,10
2024,CENTRO,23,520,543
2024,CIDADE DE DEUS,2,44,46
2024,CIDADE NOVA,0,13,13
2024,CIDADE UNIVERSITÁRIA,1,21,22
2024,COCOTÁ,1,21,22
2024,COELHO NETO,2,10,12
2024,COLÉGIO,4,29,33
2024,COPACABANA,18,256,274
2024,CORDOVIL,3,1,4
2024,COSME VELHO,73,143,216
2024,COSMOS,1,38,39
2024,COSTA BARROS,0,5,5
2024,CURICICA,2,44,46
2024,DEL CASTILHO,2,8,10
2024,DEODORO,0,21,21
2024,ENCANTADO,2,3,5
2024,ENGENHEIRO LEAL,2,8,10
2024,ENGENHO DA RAINHA,2,8,10
2024,ENGENHO DE DENTRO,5,15,20
2024,ENGENHO NOVO,1,6,7
2024,ESTÁCIO,0,13,13
2024,FLAMENGO,73,143,216
2024,FREGUESIA (JACAREPAGUÁ),2,25,27
2024,GALEÃO,1,21,22
2024,GAMBOA,1,16,17
2024,GARDÊNIA AZUL,2,44,46
2024,GERICINÓ,8,28,36
2024,GLÓRIA,73,143,216
2024,GRAJAÚ,3,38,41
2024,GRUMARI,9,113,122
2024,GUADALUPE,0,9,9
2024,GUARATIBA,0,24,24
2024,GÁVEA,6,73,79
2024,HIGIENÓPOLIS,0,19,19
2024,HONÓRIO GURGEL,2,10,12
2024,HUMAITÁ,84,204,288
2024,INHAÚMA,2,8,10
2024,INHOAÍBA,1,38,39
2024,IPANEMA,6,259,265
2024,IRAJÁ,2,19,21
2024,ITANHANGÁ,8,94,102
2024,JACAREPAGUÁ,2,44,46
2024,JACAREZINHO,1,6,7
2024,JACARÉ,1,72,73
2024,JARDIM AMÉRICA,3,1,4
2024,JARDIM BOTÂNICO,6,73,79
2024,JARDIM CARIOCA,1,21,22
2024,JARDIM GUANABARA,1,21,22
2024,JARDIM SULACAP,0,21,21
2024,JOÁ,8,94,102
2024,LAGOA,6,73,79
2024,LAPA,9,80,89
2024,LARANJEIRAS,73,143,216
2024,LEBLON,6,259,265
2024,LEME,13,171,184
2024,LINS DE VASCONCELOS,3,12,15
2024,MADUREIRA,2,8,10
2024,MAGALHÃES BASTOS,0,21,21
2024,MANGUEIRA,2,10,12
2024,MANGUINHOS,0,19,19
2024,MARACANÃ,14,33,47
2024,MARECHAL HERMES,1,5,6
2024,MARIA DA GRAÇA,2,8,10
2024,MARÉ,0,19,19
2024,MONERÓ,1,21,22
2024,MÉIER,1,6,7
2024,OLARIA,4,10,14
2024,PACIÊNCIA,1,32,33
2024,PADRE MIGUEL,8,28,36
2024,PAQUETÁ,9,80,89
2024,PARQUE ANCHIETA,0,9,9
2024,PARQUE COLÚMBIA,0,5,5
2024,PAVUNA,0,5,5
2024,PECHINCHA,2,25,27
2024,PEDRA DE GUARATIBA,0,24,24
2024,PENHA,4,10,14
2024,PENHA CIRCULAR,4,10,14
2024,PIEDADE,2,3,5
2024,PILARES,2,3,5
2024,PITANGUEIRAS,1,21,22
2024,PORTUGUESA,1,21,22
2024,PRAIA DA BANDEIRA,1,21,22
2024,PRAÇA DA BANDEIRA,14,33,47
2024,PRAÇA SECA,0,11,11
2024,QUINTINO BOCAIÚVA,2,8,10
2024,RAMOS,0,19,19
2024,REALENGO,0,21,21
2024,RECREIO DOS BANDEIRANTES,9,113,122
2024,RIACHUELO,1,6,7
2024,RIBEIRA,1,21,22
2024,RICARDO DE ALBUQUERQUE,0,9,9
2024,RIO COMPRIDO,0,13,13
2024,ROCHA,1,6,7
2024,ROCHA MIRANDA,2,10,12
2024,ROCINHA,0,1,1
2024,SAMPAIO,1,6,7
2024,SANTA CRUZ,1,38,39
2024,SANTA TERESA,1,5,6
2024,SANTO CRISTO,1,16,17
2024,SANTÍSSIMO,1,38,39
2024,SAÚDE,1,16,17
2024,SENADOR CAMARÁ,8,28,36
2024,SENADOR VASCONCELOS,1,38,39
2024,SEPETIBA,0,24,24
2024,SÃO CONRADO,6,73,79
2024,SÃO FRANCISCO XAVIER,1,6,7
2024,TANQUE,2,36,38
2024,TAQUARA,2,44,46
2024,TAUÁ,1,21,22
2024,TIJUCA,18,80,98
2024,TODOS OS SANTOS,4,18,22
2024,TOMÁS COELHO,2,8,10
2024,URCA,84,204,288
2024,VARGEM GRANDE,9,113,122
2024,VARGEM PEQUENA,9,113,122
2024,VASCO DA GAMA,2,10,12
2024,VAZ LOBO,2,8,10
2024,VICENTE DE CARVALHO,2,19,21
2024,VIDIGAL,6,73,79
2024,VIGÁRIO GERAL,3,1,4
2024,VILA DA PENHA,2,19,21
2024,VILA ISABEL,3,38,41
2024,VILA KOSMOS,2,19,21
2024,VILA MILITAR,0,21,21
2024,VILA VALQUEIRE,0,11,11
2024,VISTA ALEGRE,2,19,21
2024,ZUMBI,1,21,22
2024,ÁGUA SANTA,5,15,20
2025,ABOLIÇÃO,4,8,12
2025,ACARI,0,8,8
2025,ALTO DA BOA VISTA,3,41,44
2025,ANCHIETA,1,10,11
2025,ANDARAÍ,7,37,44
2025,ANIL,3,70,73
2025,BANCÁRIOS,2,21,23
2025,BANGU,4,22,26
2025,BARRA DA TIJUCA,15,128,143
2025,BARRA DE GUARATIBA,3,163,166
2025,BARROS FILHO,0,8,8
2025,BENFICA,3,13,16
2025,BENTO RIBEIRO,2,9,11
2025,BONSUCESSO,3,13,16
2025,BOTAFOGO,68,201,269
2025,BRÁS DE PINA,1,14,15
2025,CACHAMBI,1,19,20
2025,CACUIA,2,21,23
2025,CAJU,3,23,26
2025,CAMORIM,3,163,166
2025,CAMPINHO,2,9,11
2025,CAMPO DOS AFONSOS,6,30,36
2025,CAMPO GRANDE,0,85,85
2025,CASCADURA,3,18,21
2025,CATETE,59,204,263
2025,CATUMBI,8,14,22
2025,CAVALCANTI,3,18,21
2025,CENTRO,32,484,516
2025,CIDADE DE DEUS,3,70,73
2025,CIDADE NOVA,8,14,22
2025,CIDADE UNIVERSITÁRIA,2,21,23
2025,COCOTÁ,2,21,23
2025,COELHO NETO,1,14,15
2025,COLÉGIO,2,38,40
2025,COPACABANA,10,394,404
2025,CORDOVIL,1,5,6
2025,COSME VELHO,59,204,263
2025,COSMOS,0,85,85
2025,COSTA BARROS,0,8,8
2025,CURICICA,3,70,73
2025,DEL CASTILHO,0,9,9
2025,DEODORO,6,30,36
2025,ENCANTADO,4,8,12
2025,ENGENHEIRO LEAL,3,18,21
2025,ENGENHO DA RAINHA,0,9,9
2025,ENGENHO DE DENTRO,6,14,20
2025,ENGENHO NOVO,1,18,19
2025,ESTÁCIO,8,14,22
2025,FLAMENGO,59,204,263
2025,FREGUESIA (JACAREPAGUÁ),1,21,22
2025,GALEÃO,2,21,23
2025,GAMBOA,1,21,22
2025,GARDÊNIA AZUL,3,70,73
2025,GERICINÓ,4,22,26
2025,GLÓRIA,59,204,263
2025,GRAJAÚ,7,37,44
2025,GRUMARI,3,163,166
2025,GUADALUPE,1,10,11
2025,GUARATIBA,0,20,20
2025,GÁVEA,13,88,101
2025,HIGIENÓPOLIS,3,13,16
2025,HONÓRIO GURGEL,1,14,15
2025,HUMAITÁ,68,201,269
2025,INHAÚMA,0,9,9
2025,INHOAÍBA,0,85,85
2025,IPANEMA,16,633,649
2025,IRAJÁ,1,24,25
2025,ITANHANGÁ,15,128,143
2025,JACAREPAGUÁ,3,70,73
2025,JACAREZINHO,1,18,19
2025,JACARÉ,1,73,74
2025,JARDIM AMÉRICA,1,5,6
2025,JARDIM BOTÂNICO,13,88,101
2025,JARDIM CARIOCA,2,21,23
2025,JARDIM GUANABARA,2,21,23
2025,JARDIM SULACAP,6,30,36
2025,JOÁ,15,128,143
2025,LAGOA,13,88,101
2025,LAPA,6,95,101
2025,LARANJEIRAS,59,204,263
2025,LEBLON,16,633,649
2025,LEME,4,262,266
2025,LINS DE VASCONCELOS,2,6,8
2025,MADUREIRA,3,18,21
2025,MAGALHÃES BASTOS,6,30,36
2025,MANGUEIRA,3,23,26
2025,MANGUINHOS,3,13,16
2025,MARACANÃ,9,54,63
2025,MARECHAL HERMES,2,9,11
2025,MARIA DA GRAÇA,0,9,9
2025,MARÉ,3,13,16
2025,MONERÓ,2,21,23
2025,MÉIER,1,19,20
2025,OLARIA,0,9,9
2025,PACIÊNCIA,1,40,41
2025,PADRE MIGUEL,4,22,26
2025,PAQUETÁ,6,95,101
2025,PARQUE ANCHIETA,1,10,11
2025,PARQUE COLÚMBIA,0,8,8
2025,PAVUNA,0,8,8
2025,PECHINCHA,1,21,22
2025,PEDRA DE GUARATIBA,0,20,20
2025,PENHA,0,9,9
2025,PENHA CIRCULAR,0,9,9
2025,PIEDADE,4,8,12
2025,PILARES,4,8,12
2025,PITANGUEIRAS,2,21,23
2025,PORTUGUESA,2,21,23
2025,PRAIA DA BANDEIRA,2,21,23
2025,PRAÇA DA BANDEIRA,9,54,63
2025,PRAÇA SECA,1,14,15
2025,QUINTINO BOCAIÚVA,3,18,21
2025,RAMOS,3,13,16
2025,REALENGO,6,30,36
2025,RECREIO DOS BANDEIRANTES,3,163,166
2025,RIACHUELO,1,18,19
2025,RIBEIRA,2,21,23
2025,RICARDO DE ALBUQUERQUE,1,10,11
2025,RIO COMPRIDO,8,14,22
2025,ROCHA,1,18,19
2025,ROCHA MIRANDA,1,14,15
2025,ROCINHA,0,0,0
2025,SAMPAIO,1,18,19
2025,SANTA CRUZ,1,50,51
2025,SANTA TERESA,2,10,12
2025,SANTO CRISTO,1,21,22
2025,SANTÍSSIMO,0,85,85
2025,SAÚDE,1,21,22
2025,SENADOR CAMARÁ,4,22,26
2025,SENADOR VASCONCELOS,0,85,85
2025,SEPETIBA,0,20,20
2025,SÃO CONRADO,13,88,101
2025,SÃO FRANCISCO XAVIER,1,18,19
2025,TANQUE,2,35,37
2025,TAQUARA,3,70,73
2025,TAUÁ,2,21,23
2025,TIJUCA,12,95,107
2025,TODOS OS SANTOS,3,25,28
2025,TOMÁS COELHO,0,9,9
2025,URCA,68,201,269
2025,VARGEM GRANDE,3,163,166
2025,VARGEM PEQUENA,3,163,166
2025,VASCO DA GAMA,3,23,26
2025,VAZ LOBO,3,18,21
2025,VICENTE DE CARVALHO,1,24,25
2025,VIDIGAL,13,88,101
2025,VIGÁRIO GERAL,1,5,6
2025,VILA DA PENHA,1,24,25
2025,VILA ISABEL,7,37,44
2025,VILA KOSMOS,1,24,25
2025,VILA MILITAR,6,30,36
2025,VILA VALQUEIRE,1,14,15
2025,VISTA ALEGRE,1,24,25
2025,ZUMBI,2,21,23
2025,ÁGUA SANTA,6,14,20
2026,ABOLIÇÃO,0,1,1
2026,ACARI,0,4,4
2026,ALTO DA BOA VISTA,0,14,14
2026,ANCHIETA,0,0,0
2026,ANDARAÍ,2,3,5
2026,ANIL,1,16,17
2026,BANCÁRIOS,0,4,4
2026,BANGU,1,8,9
2026,BARRA DA TIJUCA,4,28,32
2026,BARRA DE GUARATIBA,0,42,42
2026,BARROS FILHO,0,4,4
2026,BENFICA,0,2,2
2026,BENTO RIBEIRO,0,2,2
2026,BONSUCESSO,0,2,2
2026,BOTAFOGO,3,38,41
2026,BRÁS DE PINA,1,3,4
2026,CACHAMBI,0,3,3
2026,CACUIA,0,4,4
2026,CAJU,1,9,10
2026,CAMORIM,0,42,42
2026,CAMPINHO,0,2,2
2026,CAMPO DOS AFONSOS,0,5,5
2026,CAMPO GRANDE,0,23,23
2026,CASCADURA,0,6,6
2026,CATETE,7,39,46
2026,CATUMBI,0,6,6
2026,CAVALCANTI,0,6,6
2026,CENTRO,10,162,172
2026,CIDADE DE DEUS,1,16,17
2026,CIDADE NOVA,0,6,6
2026,CIDADE UNIVERSITÁRIA,0,4,4
2026,COCOTÁ,0,4,4
2026,COELHO NETO,0,5,5
2026,COLÉGIO,0,11,11
2026,COPACABANA,5,94,99
2026,CORDOVIL,0,1,1
2026,COSME VELHO,7,39,46
2026,COSMOS,0,23,23
2026,COSTA BARROS,0,4,4
2026,CURICICA,1,16,17
2026,DEL CASTILHO,0,3,3
2026,DEODORO,0,5,5
2026,ENCANTADO,0,1,1
2026,ENGENHEIRO LEAL,0,6,6
2026,ENGENHO DA RAINHA,0,3,3
2026,ENGENHO DE DENTRO,0,3,3
2026,ENGENHO NOVO,0,1,1
2026,ESTÁCIO,0,6,6
2026,FLAMENGO,7,39,46
2026,FREGUESIA (JACAREPAGUÁ),1,3,4
2026,GALEÃO,0,4,4
2026,GAMBOA,0,5,5
2026,GARDÊNIA AZUL,1,16,17
2026,GERICINÓ,1,8,9
2026,GLÓRIA,7,39,46
2026,GRAJAÚ,2,3,5
2026,GRUMARI,0,42,42
2026,GUADALUPE,0,0,0
2026,GUARATIBA,1,3,4
2026,GÁVEA,6,25,31
2026,HIGIENÓPOLIS,0,2,2
2026,HONÓRIO GURGEL,0,5,5
2026,HUMAITÁ,3,38,41
2026,INHAÚMA,0,3,3
2026,INHOAÍBA,0,23,23
2026,IPANEMA,8,173,181
2026,IRAJÁ,0,6,6
2026,ITANHANGÁ,4,28,32
2026,JACAREPAGUÁ,1,16,17
2026,JACAREZINHO,0,1,1
2026,JACARÉ,1,8,9
2026,JARDIM AMÉRICA,0,1,1
2026,JARDIM BOTÂNICO,6,25,31
2026,JARDIM CARIOCA,0,4,4
2026,JARDIM GUANABARA,0,4,4
2026,JARDIM SULACAP,0,5,5
2026,JOÁ,4,28,32
2026,LAGOA,6,25,31
2026,LAPA,5,47,52
2026,LARANJEIRAS,7,39,46
2026,LEBLON,8,173,181
2026,LEME,2,52,54
2026,LINS DE VASCONCELOS,0,2,2
2026,MADUREIRA,0,6,6
2026,MAGALHÃES BASTOS,0,5,5
2026,MANGUEIRA,1,9,10
2026,MANGUINHOS,0,2,2
2026,MARACANÃ,0,7,7
2026,MARECHAL HERMES,0,2,2
2026,MARIA DA GRAÇA,0,3,3
2026,MARÉ,0,2,2
2026,MONERÓ,0,4,4
2026,MÉIER,0,3,3
2026,OLARIA,1,2,3
2026,PACIÊNCIA,0,10,10
2026,PADRE MIGUEL,1,8,9
2026,PAQUETÁ,5,47,52
2026,PARQUE ANCHIETA,0,0,0
2026,PARQUE COLÚMBIA,0,4,4
2026,PAVUNA,0,4,4
2026,PECHINCHA,1,3,4
2026,PEDRA DE GUARATIBA,1,3,4
2026,PENHA,1,2,3
2026,PENHA CIRCULAR,1,2,3
2026,PIEDADE,0,1,1
2026,PILARES,0,1,1
2026,PITANGUEIRAS,0,4,4
2026,PORTUGUESA,0,4,4
2026,PRAIA DA BANDEIRA,0,4,4
2026,PRAÇA DA BANDEIRA,0,7,7
2026,PRAÇA SECA,0,5,5
2026,QUINTINO BOCAIÚVA,0,6,6
2026,RAMOS,0,2,2
2026,REALENGO,0,5,5
2026,RECREIO DOS BANDEIRANTES,0,42,42
2026,RIACHUELO,0,1,1
2026,RIBEIRA,0,4,4
2026,RICARDO DE ALBUQUERQUE,0,0,0
2026,RIO COMPRIDO,0,6,6
2026,ROCHA,0,1,1
2026,ROCHA MIRANDA,0,5,5
2026,ROCINHA,0,0,0
2026,SAMPAIO,0,1,1
2026,SANTA CRUZ,0,12,12
2026,SANTA TERESA,1,4,5
2026,SANTO CRISTO,0,5,5
2026,SANTÍSSIMO,0,23,23
2026,SAÚDE,0,5,5
2026,SENADOR CAMARÁ,1,8,9
2026,SENADOR VASCONCELOS,0,23,23
2026,SEPETIBA,1,3,4
2026,SÃO CONRADO,6,25,31
2026,SÃO FRANCISCO XAVIER,0,1,1
2026,TANQUE,1,8,9
2026,TAQUARA,1,16,17
2026,TAUÁ,0,4,4
2026,TIJUCA,0,21,21
2026,TODOS OS SANTOS,0,5,5
2026,TOMÁS COELHO,0,3,3
2026,URCA,3,38,41
2026,VARGEM GRANDE,0,42,42
2026,VARGEM PEQUENA,0,42,42
2026,VASCO DA GAMA,1,9,10
2026,VAZ LOBO,0,6,6
2026,VICENTE DE CARVALHO,0,6,6
2026,VIDIGAL,6,25,31
2026,VIGÁRIO GERAL,0,1,1
2026,VILA DA PENHA,0,6,6
2026,VILA ISABEL,2,3,5
2026,VILA KOSMOS,0,6,6
2026,VILA MILITAR,0,5,5
2026,VILA VALQUEIRE,0,5,5
2026,VISTA ALEGRE,0,6,6
2026,ZUMBI,0,4,4
2026,ÁGUA SANTA,0,3,3
